"","Reservation_number","ave_price","cancled_rate","Time","m","t","Group"
"63",122,92.83,15.57,0.976019295726583,7,2015-07-01,"2015-July"
"74",93,82.21,61.29,0.976078031918178,7,2015-07-02,"2015-July"
"85",56,97.18,33.93,0.976136768109772,7,2015-07-03,"2015-July"
"88",88,85.58,48.86,0.976195504301367,7,2015-07-04,"2015-July"
"89",53,100,30.19,0.976254240492962,7,2015-07-05,"2015-July"
"90",75,90.46,45.33,0.976312976684556,7,2015-07-06,"2015-July"
"91",54,92.58,46.3,0.976371712876151,7,2015-07-07,"2015-July"
"92",69,79.99,34.78,0.976430449067745,7,2015-07-08,"2015-July"
"93",80,80.65,63.75,0.97648918525934,7,2015-07-09,"2015-July"
"64",51,112,17.65,0.976547921450934,7,2015-07-10,"2015-July"
"65",103,98.87,40.78,0.976606657642529,7,2015-07-11,"2015-July"
"66",63,110.42,41.27,0.976665393834123,7,2015-07-12,"2015-July"
"67",84,97.8,53.57,0.976724130025718,7,2015-07-13,"2015-July"
"68",35,110.64,31.43,0.976782866217312,7,2015-07-14,"2015-July"
"69",102,98.32,47.06,0.976841602408907,7,2015-07-15,"2015-July"
"70",103,98.44,60.19,0.976900338600502,7,2015-07-16,"2015-July"
"71",151,107.07,29.8,0.976959074792096,7,2015-07-17,"2015-July"
"72",155,92.61,50.32,0.977017810983691,7,2015-07-18,"2015-July"
"73",54,122.97,33.33,0.977076547175285,7,2015-07-19,"2015-July"
"75",125,103.57,57.6,0.97713528336688,7,2015-07-20,"2015-July"
"76",71,98.4,61.97,0.977194019558474,7,2015-07-21,"2015-July"
"77",127,79.23,66.14,0.977252755750069,7,2015-07-22,"2015-July"
"78",125,92.05,47.2,0.977311491941663,7,2015-07-23,"2015-July"
"79",64,138.42,23.44,0.977370228133258,7,2015-07-24,"2015-July"
"80",204,87.32,50.49,0.977428964324852,7,2015-07-25,"2015-July"
"81",47,125.72,31.91,0.977487700516447,7,2015-07-26,"2015-July"
"82",170,92.06,57.06,0.977546436708042,7,2015-07-27,"2015-July"
"83",34,109.15,17.65,0.977605172899636,7,2015-07-28,"2015-July"
"84",50,118.45,32,0.977663909091231,7,2015-07-29,"2015-July"
"86",99,99.37,58.59,0.977722645282825,7,2015-07-30,"2015-July"
"87",69,132.14,26.09,0.97778138147442,7,2015-07-31,"2015-July"
"1",110,141.16,45.45,0.977840117666014,8,2015-08-01,"2015-August"
"12",50,138.09,14,0.977898853857609,8,2015-08-02,"2015-August"
"23",183,89.51,60.11,0.977957590049203,8,2015-08-03,"2015-August"
"26",51,129.6,23.53,0.978016326240798,8,2015-08-04,"2015-August"
"27",154,76.95,41.56,0.978075062432393,8,2015-08-05,"2015-August"
"28",75,97.81,36,0.978133798623987,8,2015-08-06,"2015-August"
"29",133,96.51,42.11,0.978192534815582,8,2015-08-07,"2015-August"
"30",206,99.97,48.54,0.978251271007176,8,2015-08-08,"2015-August"
"31",85,137.69,16.47,0.978310007198771,8,2015-08-09,"2015-August"
"2",207,102.92,38.16,0.978368743390365,8,2015-08-10,"2015-August"
"3",117,114.04,23.93,0.97842747958196,8,2015-08-11,"2015-August"
"4",133,90.59,37.59,0.978486215773554,8,2015-08-12,"2015-August"
"5",107,109.53,50.47,0.978544951965149,8,2015-08-13,"2015-August"
"6",329,106.32,63.83,0.978603688156743,8,2015-08-14,"2015-August"
"7",190,107.27,46.84,0.978662424348338,8,2015-08-15,"2015-August"
"8",98,141.59,24.49,0.978721160539933,8,2015-08-16,"2015-August"
"9",188,101.33,42.55,0.978779896731527,8,2015-08-17,"2015-August"
"10",94,120.57,27.66,0.978838632923122,8,2015-08-18,"2015-August"
"11",66,118.2,12.12,0.978897369114716,8,2015-08-19,"2015-August"
"13",110,95.47,45.45,0.978956105306311,8,2015-08-20,"2015-August"
"14",75,131.97,17.33,0.979014841497905,8,2015-08-21,"2015-August"
"15",139,116.51,42.45,0.9790735776895,8,2015-08-22,"2015-August"
"16",79,134.81,21.52,0.979132313881094,8,2015-08-23,"2015-August"
"17",153,100,45.1,0.979191050072689,8,2015-08-24,"2015-August"
"18",126,89.82,46.83,0.979249786264283,8,2015-08-25,"2015-August"
"19",122,81.2,40.16,0.979308522455878,8,2015-08-26,"2015-August"
"20",100,93.23,61,0.979367258647473,8,2015-08-27,"2015-August"
"21",84,120.59,29.76,0.979425994839067,8,2015-08-28,"2015-August"
"22",109,111.86,18.35,0.979484731030662,8,2015-08-29,"2015-August"
"24",101,105.02,51.49,0.979543467222256,8,2015-08-30,"2015-August"
"25",115,89.87,31.3,0.979602203413851,8,2015-08-31,"2015-August"
"155",100,105,18,0.979660939605445,9,2015-09-01,"2015-September"
"166",128,65.27,42.97,0.97971967579704,9,2015-09-02,"2015-September"
"177",155,85.92,42.58,0.979778411988634,9,2015-09-03,"2015-September"
"179",192,100.04,21.88,0.979837148180229,9,2015-09-04,"2015-September"
"180",240,81.17,60.42,0.979895884371824,9,2015-09-05,"2015-September"
"181",152,88.97,16.45,0.979954620563418,9,2015-09-06,"2015-September"
"182",133,101.66,30.83,0.980013356755013,9,2015-09-07,"2015-September"
"183",104,93.75,32.69,0.980072092946607,9,2015-09-08,"2015-September"
"184",201,88.23,31.84,0.980130829138202,9,2015-09-09,"2015-September"
"156",139,96.65,53.96,0.980189565329796,9,2015-09-10,"2015-September"
"157",212,88.28,37.26,0.980248301521391,9,2015-09-11,"2015-September"
"158",191,71.5,46.6,0.980307037712985,9,2015-09-12,"2015-September"
"159",65,96.59,21.54,0.98036577390458,9,2015-09-13,"2015-September"
"160",149,87.59,24.16,0.980424510096174,9,2015-09-14,"2015-September"
"161",121,85.17,33.88,0.980483246287769,9,2015-09-15,"2015-September"
"162",170,83.23,30,0.980541982479364,9,2015-09-16,"2015-September"
"163",331,65.28,58.61,0.980600718670958,9,2015-09-17,"2015-September"
"164",340,101.58,59.71,0.980659454862553,9,2015-09-18,"2015-September"
"165",195,85.45,38.97,0.980718191054147,9,2015-09-19,"2015-September"
"167",129,93.69,32.56,0.980776927245742,9,2015-09-20,"2015-September"
"168",226,81.73,34.96,0.980835663437336,9,2015-09-21,"2015-September"
"169",101,103.34,13.86,0.980894399628931,9,2015-09-22,"2015-September"
"170",159,103.27,28.3,0.980953135820525,9,2015-09-23,"2015-September"
"171",216,118.14,55.56,0.98101187201212,9,2015-09-24,"2015-September"
"172",275,144.4,44.73,0.981070608203714,9,2015-09-25,"2015-September"
"173",198,128.47,57.58,0.981129344395309,9,2015-09-26,"2015-September"
"174",69,113.88,26.09,0.981188080586903,9,2015-09-27,"2015-September"
"175",107,97.73,40.19,0.981246816778498,9,2015-09-28,"2015-September"
"176",111,78.35,42.34,0.981305552970093,9,2015-09-29,"2015-September"
"178",205,107.43,49.27,0.981364289161687,9,2015-09-30,"2015-September"
"124",121,83.64,28.1,0.981423025353282,10,2015-10-01,"2015-October"
"135",204,94.6,10.29,0.981481761544876,10,2015-10-02,"2015-October"
"146",211,63.69,71.56,0.981540497736471,10,2015-10-03,"2015-October"
"149",185,78.52,37.84,0.981599233928065,10,2015-10-04,"2015-October"
"150",223,101.08,51.57,0.98165797011966,10,2015-10-05,"2015-October"
"151",179,83.35,38.55,0.981716706311254,10,2015-10-06,"2015-October"
"152",190,79.05,30.53,0.981775442502849,10,2015-10-07,"2015-October"
"153",164,67.34,48.78,0.981834178694443,10,2015-10-08,"2015-October"
"154",210,89.85,37.14,0.981892914886038,10,2015-10-09,"2015-October"
"125",250,67.4,47.6,0.981951651077633,10,2015-10-10,"2015-October"
"126",102,75.26,33.33,0.982010387269227,10,2015-10-11,"2015-October"
"127",208,74.4,22.6,0.982069123460822,10,2015-10-12,"2015-October"
"128",98,76.54,8.16,0.982127859652416,10,2015-10-13,"2015-October"
"129",73,70.45,5.48,0.982186595844011,10,2015-10-14,"2015-October"
"130",255,72.89,26.27,0.982245332035605,10,2015-10-15,"2015-October"
"131",356,95.32,62.36,0.9823040682272,10,2015-10-16,"2015-October"
"132",130,71.3,52.31,0.982362804418794,10,2015-10-17,"2015-October"
"133",116,82.64,15.52,0.982421540610389,10,2015-10-18,"2015-October"
"134",229,76.12,25.76,0.982480276801983,10,2015-10-19,"2015-October"
"136",109,96.6,13.76,0.982539012993578,10,2015-10-20,"2015-October"
"137",131,66.61,21.37,0.982597749185173,10,2015-10-21,"2015-October"
"138",88,74.54,13.64,0.982656485376767,10,2015-10-22,"2015-October"
"139",99,70.71,13.13,0.982715221568362,10,2015-10-23,"2015-October"
"140",160,85,61.88,0.982773957759956,10,2015-10-24,"2015-October"
"141",148,86.46,8.78,0.982832693951551,10,2015-10-25,"2015-October"
"142",97,69.38,37.11,0.982891430143145,10,2015-10-26,"2015-October"
"143",53,65.92,1.89,0.98295016633474,10,2015-10-27,"2015-October"
"144",141,83.76,5.67,0.983008902526334,10,2015-10-28,"2015-October"
"145",130,78.38,41.54,0.983067638717929,10,2015-10-29,"2015-October"
"147",106,70.59,35.85,0.983126374909523,10,2015-10-30,"2015-October"
"148",191,57.28,48.69,0.983185111101118,10,2015-10-31,"2015-October"
"94",57,59.75,14.04,0.983243847292713,11,2015-11-01,"2015-November"
"105",77,66.29,28.57,0.983302583484307,11,2015-11-02,"2015-November"
"116",70,52.33,7.14,0.983361319675902,11,2015-11-03,"2015-November"
"118",69,76.12,34.78,0.983420055867496,11,2015-11-04,"2015-November"
"119",60,67.66,8.33,0.983478792059091,11,2015-11-05,"2015-November"
"120",101,66.34,16.83,0.983537528250685,11,2015-11-06,"2015-November"
"121",111,56.59,27.93,0.98359626444228,11,2015-11-07,"2015-November"
"122",54,61.76,16.67,0.983655000633874,11,2015-11-08,"2015-November"
"123",82,62.11,45.12,0.983713736825469,11,2015-11-09,"2015-November"
"95",50,63.38,22,0.983772473017063,11,2015-11-10,"2015-November"
"96",72,58.61,29.17,0.983831209208658,11,2015-11-11,"2015-November"
"97",65,56.84,30.77,0.983889945400253,11,2015-11-12,"2015-November"
"98",59,73.79,52.54,0.983948681591847,11,2015-11-13,"2015-November"
"99",39,72.75,15.38,0.984007417783442,11,2015-11-14,"2015-November"
"100",28,58.18,14.29,0.984066153975036,11,2015-11-15,"2015-November"
"101",74,44.25,14.86,0.984124890166631,11,2015-11-16,"2015-November"
"102",81,58.18,8.64,0.984183626358225,11,2015-11-17,"2015-November"
"103",173,62.58,6.94,0.98424236254982,11,2015-11-18,"2015-November"
"104",55,62.12,20,0.984301098741414,11,2015-11-19,"2015-November"
"106",187,64.13,28.88,0.984359834933009,11,2015-11-20,"2015-November"
"107",86,47.23,5.81,0.984418571124604,11,2015-11-21,"2015-November"
"108",38,63.88,5.26,0.984477307316198,11,2015-11-22,"2015-November"
"109",211,68.04,33.65,0.984536043507793,11,2015-11-23,"2015-November"
"110",69,55.84,5.8,0.984594779699387,11,2015-11-24,"2015-November"
"111",47,53.61,10.64,0.984653515890982,11,2015-11-25,"2015-November"
"112",56,54.87,12.5,0.984712252082576,11,2015-11-26,"2015-November"
"113",132,54.85,13.64,0.984770988274171,11,2015-11-27,"2015-November"
"114",61,55.04,22.95,0.984829724465765,11,2015-11-28,"2015-November"
"115",20,67.54,25,0.98488846065736,11,2015-11-29,"2015-November"
"117",56,44.59,16.07,0.984947196848954,11,2015-11-30,"2015-November"
"32",57,53.74,21.05,0.985005933040549,12,2015-12-01,"2015-December"
"43",58,53.51,10.34,0.985064669232144,12,2015-12-02,"2015-December"
"54",83,59.05,28.92,0.985123405423738,12,2015-12-03,"2015-December"
"57",123,73.1,38.21,0.985182141615333,12,2015-12-04,"2015-December"
"58",448,69.27,43.08,0.985240877806927,12,2015-12-05,"2015-December"
"59",63,68.86,30.16,0.985299613998522,12,2015-12-06,"2015-December"
"60",27,49.37,14.81,0.985358350190116,12,2015-12-07,"2015-December"
"61",191,84.36,87.43,0.985417086381711,12,2015-12-08,"2015-December"
"62",152,76.86,55.26,0.985475822573305,12,2015-12-09,"2015-December"
"33",81,32.17,3.7,0.9855345587649,12,2015-12-10,"2015-December"
"34",50,48.14,14,0.985593294956495,12,2015-12-11,"2015-December"
"35",43,63.09,6.98,0.985652031148089,12,2015-12-12,"2015-December"
"36",19,52.15,21.05,0.985710767339684,12,2015-12-13,"2015-December"
"37",39,47.39,7.69,0.985769503531278,12,2015-12-14,"2015-December"
"38",29,55.1,10.34,0.985828239722873,12,2015-12-15,"2015-December"
"39",43,49.81,4.65,0.985886975914467,12,2015-12-16,"2015-December"
"40",49,49.23,12.24,0.985945712106062,12,2015-12-17,"2015-December"
"41",47,65.9,10.64,0.986004448297656,12,2015-12-18,"2015-December"
"42",89,68.64,39.33,0.986063184489251,12,2015-12-19,"2015-December"
"44",38,55.74,26.32,0.986121920680845,12,2015-12-20,"2015-December"
"45",47,56.45,19.15,0.98618065687244,12,2015-12-21,"2015-December"
"46",72,54.64,23.61,0.986239393064035,12,2015-12-22,"2015-December"
"47",63,66.58,14.29,0.986298129255629,12,2015-12-23,"2015-December"
"48",90,65.77,23.33,0.986356865447224,12,2015-12-24,"2015-December"
"49",68,62.69,41.18,0.986415601638818,12,2015-12-25,"2015-December"
"50",112,76.37,25,0.986474337830413,12,2015-12-26,"2015-December"
"51",123,79.02,32.52,0.986533074022007,12,2015-12-27,"2015-December"
"52",100,81.57,26,0.986591810213602,12,2015-12-28,"2015-December"
"53",155,88.03,34.84,0.986650546405196,12,2015-12-29,"2015-December"
"55",238,119.24,28.15,0.986709282596791,12,2015-12-30,"2015-December"
"56",123,116.19,30.08,0.986768018788385,12,2015-12-31,"2015-December"
"306",44,93.86,25,0.98682675497998,1,2016-01-01,"2016-January"
"317",183,83.66,34.97,0.986885491171575,1,2016-01-02,"2016-January"
"328",62,59.75,29.03,0.986944227363169,1,2016-01-03,"2016-January"
"331",77,63.81,14.29,0.987002963554764,1,2016-01-04,"2016-January"
"332",47,56.02,19.15,0.987061699746358,1,2016-01-05,"2016-January"
"333",49,66.65,10.2,0.987120435937953,1,2016-01-06,"2016-January"
"334",49,58.27,16.33,0.987179172129547,1,2016-01-07,"2016-January"
"335",59,58.88,20.34,0.987237908321142,1,2016-01-08,"2016-January"
"336",54,55.53,22.22,0.987296644512736,1,2016-01-09,"2016-January"
"307",46,58.7,15.22,0.987355380704331,1,2016-01-10,"2016-January"
"308",40,47.76,2.5,0.987414116895925,1,2016-01-11,"2016-January"
"309",69,54.96,21.74,0.98747285308752,1,2016-01-12,"2016-January"
"310",48,49.51,14.58,0.987531589279115,1,2016-01-13,"2016-January"
"311",96,55.8,18.75,0.987590325470709,1,2016-01-14,"2016-January"
"312",83,68.99,20.48,0.987649061662304,1,2016-01-15,"2016-January"
"313",67,64.4,20.9,0.987707797853898,1,2016-01-16,"2016-January"
"314",37,69.58,16.22,0.987766534045493,1,2016-01-17,"2016-January"
"315",60,54.68,18.33,0.987825270237087,1,2016-01-18,"2016-January"
"316",147,67.32,25.85,0.987884006428682,1,2016-01-19,"2016-January"
"318",64,59.12,12.5,0.987942742620276,1,2016-01-20,"2016-January"
"319",61,62.69,9.84,0.988001478811871,1,2016-01-21,"2016-January"
"320",134,71.3,63.43,0.988060215003465,1,2016-01-22,"2016-January"
"321",70,63.54,11.43,0.98811895119506,1,2016-01-23,"2016-January"
"322",36,67.55,13.89,0.988177687386655,1,2016-01-24,"2016-January"
"323",79,63.41,18.99,0.988236423578249,1,2016-01-25,"2016-January"
"324",69,53.47,13.04,0.988295159769844,1,2016-01-26,"2016-January"
"325",155,65.4,54.84,0.988353895961438,1,2016-01-27,"2016-January"
"326",86,65.3,22.09,0.988412632153033,1,2016-01-28,"2016-January"
"327",86,69.74,22.09,0.988471368344627,1,2016-01-29,"2016-January"
"329",58,65.55,18.97,0.988530104536222,1,2016-01-30,"2016-January"
"330",33,63.36,9.09,0.988588840727816,1,2016-01-31,"2016-January"
"277",62,60.62,22.58,0.988647576919411,2,2016-02-01,"2016-February"
"288",67,60.12,25.37,0.988706313111005,2,2016-02-02,"2016-February"
"299",84,64.3,16.67,0.9887650493026,2,2016-02-03,"2016-February"
"300",105,60.13,18.1,0.988823785494195,2,2016-02-04,"2016-February"
"301",126,69.58,20.63,0.988882521685789,2,2016-02-05,"2016-February"
"302",219,68.93,24.2,0.988941257877384,2,2016-02-06,"2016-February"
"303",129,74.8,31.78,0.988999994068978,2,2016-02-07,"2016-February"
"304",86,74.87,17.44,0.989058730260573,2,2016-02-08,"2016-February"
"305",75,64.03,28,0.989117466452167,2,2016-02-09,"2016-February"
"278",79,66.07,17.72,0.989176202643762,2,2016-02-10,"2016-February"
"279",104,62.21,30.77,0.989234938835356,2,2016-02-11,"2016-February"
"280",293,70.95,47.44,0.989293675026951,2,2016-02-12,"2016-February"
"281",183,77.25,16.94,0.989352411218545,2,2016-02-13,"2016-February"
"282",104,79.47,26.92,0.98941114741014,2,2016-02-14,"2016-February"
"283",88,59.13,17.05,0.989469883601735,2,2016-02-15,"2016-February"
"284",78,62.22,10.26,0.989528619793329,2,2016-02-16,"2016-February"
"285",286,71.26,74.13,0.989587355984924,2,2016-02-17,"2016-February"
"286",83,74.06,15.66,0.989646092176518,2,2016-02-18,"2016-February"
"287",247,80.13,37.65,0.989704828368113,2,2016-02-19,"2016-February"
"289",107,68.91,17.76,0.989763564559707,2,2016-02-20,"2016-February"
"290",106,74.97,51.89,0.989822300751302,2,2016-02-21,"2016-February"
"291",108,67.45,15.74,0.989881036942896,2,2016-02-22,"2016-February"
"292",68,68.57,14.71,0.989939773134491,2,2016-02-23,"2016-February"
"293",104,69.13,33.65,0.989998509326085,2,2016-02-24,"2016-February"
"294",154,69.93,38.96,0.99005724551768,2,2016-02-25,"2016-February"
"295",245,70.18,51.02,0.990115981709275,2,2016-02-26,"2016-February"
"296",211,70.47,20.85,0.990174717900869,2,2016-02-27,"2016-February"
"297",194,66.82,65.98,0.990233454092464,2,2016-02-28,"2016-February"
"298",96,72.96,40.62,0.990292190284058,2,2016-02-29,"2016-February"
"398",123,65.27,24.39,0.990350926475653,3,2016-03-01,"2016-March"
"409",160,66.49,26.88,0.990409662667247,3,2016-03-02,"2016-March"
"420",109,78.77,24.77,0.990468398858842,3,2016-03-03,"2016-March"
"423",214,74.23,37.85,0.990527135050436,3,2016-03-04,"2016-March"
"424",131,73.39,25.95,0.990585871242031,3,2016-03-05,"2016-March"
"425",67,75.02,13.43,0.990644607433625,3,2016-03-06,"2016-March"
"426",149,69.21,20.81,0.99070334362522,3,2016-03-07,"2016-March"
"427",118,65.36,14.41,0.990762079816815,3,2016-03-08,"2016-March"
"428",143,71.7,17.48,0.990820816008409,3,2016-03-09,"2016-March"
"399",108,71.65,22.22,0.990879552200004,3,2016-03-10,"2016-March"
"400",183,67.65,25.68,0.990938288391598,3,2016-03-11,"2016-March"
"401",131,66.4,22.14,0.990997024583193,3,2016-03-12,"2016-March"
"402",103,73.16,17.48,0.991055760774787,3,2016-03-13,"2016-March"
"403",117,64.51,12.82,0.991114496966382,3,2016-03-14,"2016-March"
"404",112,62.71,16.07,0.991173233157976,3,2016-03-15,"2016-March"
"405",118,61.52,15.25,0.991231969349571,3,2016-03-16,"2016-March"
"406",188,69.04,28.72,0.991290705541165,3,2016-03-17,"2016-March"
"407",199,81.63,43.72,0.99134944173276,3,2016-03-18,"2016-March"
"408",213,76.3,41.31,0.991408177924355,3,2016-03-19,"2016-March"
"410",244,81.64,44.67,0.991466914115949,3,2016-03-20,"2016-March"
"411",183,73.45,32.24,0.991525650307544,3,2016-03-21,"2016-March"
"412",157,89.95,42.68,0.991584386499138,3,2016-03-22,"2016-March"
"413",128,92.71,26.56,0.991643122690733,3,2016-03-23,"2016-March"
"414",295,95.54,37.63,0.991701858882327,3,2016-03-24,"2016-March"
"415",227,130.23,54.19,0.991760595073922,3,2016-03-25,"2016-March"
"416",107,108.44,44.86,0.991819331265516,3,2016-03-26,"2016-March"
"417",105,85.58,25.71,0.991878067457111,3,2016-03-27,"2016-March"
"418",169,80.66,24.26,0.991936803648706,3,2016-03-28,"2016-March"
"419",119,77.21,17.65,0.9919955398403,3,2016-03-29,"2016-March"
"421",166,78.5,40.36,0.992054276031895,3,2016-03-30,"2016-March"
"422",238,76.38,31.51,0.992113012223489,3,2016-03-31,"2016-March"
"185",104,90.81,25.96,0.992171748415084,4,2016-04-01,"2016-April"
"196",102,90.99,32.35,0.992230484606678,4,2016-04-02,"2016-April"
"207",100,88.75,32,0.992289220798273,4,2016-04-03,"2016-April"
"209",211,80.22,28.44,0.992347956989867,4,2016-04-04,"2016-April"
"210",115,82.34,25.22,0.992406693181462,4,2016-04-05,"2016-April"
"211",237,86.02,37.55,0.992465429373056,4,2016-04-06,"2016-April"
"212",196,79.23,39.8,0.992524165564651,4,2016-04-07,"2016-April"
"213",182,84,29.67,0.992582901756246,4,2016-04-08,"2016-April"
"214",229,78.36,34.5,0.99264163794784,4,2016-04-09,"2016-April"
"186",126,89.01,34.13,0.992700374139435,4,2016-04-10,"2016-April"
"187",188,88.5,32.45,0.992759110331029,4,2016-04-11,"2016-April"
"188",158,88.77,41.14,0.992817846522624,4,2016-04-12,"2016-April"
"189",177,99.57,36.72,0.992876582714218,4,2016-04-13,"2016-April"
"190",203,85.24,61.08,0.992935318905813,4,2016-04-14,"2016-April"
"191",160,99.02,33.12,0.992994055097407,4,2016-04-15,"2016-April"
"192",164,94.31,26.83,0.993052791289002,4,2016-04-16,"2016-April"
"193",157,93.49,36.94,0.993111527480597,4,2016-04-17,"2016-April"
"194",207,80.8,21.26,0.993170263672191,4,2016-04-18,"2016-April"
"195",171,86.31,54.39,0.993228999863786,4,2016-04-19,"2016-April"
"197",224,86.79,33.93,0.99328773605538,4,2016-04-20,"2016-April"
"198",146,91.63,39.04,0.993346472246975,4,2016-04-21,"2016-April"
"199",263,92.13,49.81,0.993405208438569,4,2016-04-22,"2016-April"
"200",171,96.16,29.82,0.993463944630164,4,2016-04-23,"2016-April"
"201",169,96.23,50.89,0.993522680821758,4,2016-04-24,"2016-April"
"202",149,89.74,37.58,0.993581417013353,4,2016-04-25,"2016-April"
"203",174,82.09,22.99,0.993640153204947,4,2016-04-26,"2016-April"
"204",179,91.32,41.9,0.993698889396542,4,2016-04-27,"2016-April"
"205",292,94.32,57.53,0.993757625588137,4,2016-04-28,"2016-April"
"206",266,88.65,47.74,0.993816361779731,4,2016-04-29,"2016-April"
"208",208,97.85,30.29,0.993875097971326,4,2016-04-30,"2016-April"
"429",91,100.2,32.97,0.99393383416292,5,2016-05-01,"2016-May"
"440",263,88.77,31.18,0.993992570354515,5,2016-05-02,"2016-May"
"451",93,93.06,20.43,0.994051306546109,5,2016-05-03,"2016-May"
"454",134,90.02,23.88,0.994110042737704,5,2016-05-04,"2016-May"
"455",271,87.2,45.39,0.994168778929298,5,2016-05-05,"2016-May"
"456",128,104.13,28.12,0.994227515120893,5,2016-05-06,"2016-May"
"457",149,104.98,33.56,0.994286251312487,5,2016-05-07,"2016-May"
"458",148,92.47,33.11,0.994344987504082,5,2016-05-08,"2016-May"
"459",168,93.78,22.62,0.994403723695677,5,2016-05-09,"2016-May"
"430",153,93.73,33.33,0.994462459887271,5,2016-05-10,"2016-May"
"431",132,104.83,21.21,0.994521196078866,5,2016-05-11,"2016-May"
"432",271,78.89,45.39,0.99457993227046,5,2016-05-12,"2016-May"
"433",237,106,57.38,0.994638668462055,5,2016-05-13,"2016-May"
"434",154,94.02,31.17,0.994697404653649,5,2016-05-14,"2016-May"
"435",187,93.2,29.41,0.994756140845244,5,2016-05-15,"2016-May"
"436",219,86.03,31.96,0.994814877036838,5,2016-05-16,"2016-May"
"437",228,82,30.26,0.994873613228433,5,2016-05-17,"2016-May"
"438",136,90.85,37.5,0.994932349420027,5,2016-05-18,"2016-May"
"439",264,91.5,36.36,0.994991085611622,5,2016-05-19,"2016-May"
"441",227,100.95,49.78,0.995049821803217,5,2016-05-20,"2016-May"
"442",191,115,36.13,0.995108557994811,5,2016-05-21,"2016-May"
"443",129,99.37,20.93,0.995167294186406,5,2016-05-22,"2016-May"
"444",134,100.69,25.37,0.995226030378,5,2016-05-23,"2016-May"
"445",221,113.46,57.92,0.995284766569595,5,2016-05-24,"2016-May"
"446",109,97.31,18.35,0.995343502761189,5,2016-05-25,"2016-May"
"447",276,100.9,22.83,0.995402238952784,5,2016-05-26,"2016-May"
"448",96,107.98,45.83,0.995460975144378,5,2016-05-27,"2016-May"
"449",95,105.68,36.84,0.995519711335973,5,2016-05-28,"2016-May"
"450",185,98.69,29.19,0.995578447527567,5,2016-05-29,"2016-May"
"452",189,98.51,28.04,0.995637183719162,5,2016-05-30,"2016-May"
"453",200,101.06,44.5,0.995695919910757,5,2016-05-31,"2016-May"
"368",133,103.92,33.83,0.995754656102351,6,2016-06-01,"2016-June"
"379",266,104.99,47.37,0.995813392293946,6,2016-06-02,"2016-June"
"390",193,107.45,38.86,0.99587212848554,6,2016-06-03,"2016-June"
"392",151,92.71,36.42,0.995930864677135,6,2016-06-04,"2016-June"
"393",107,94.7,41.12,0.995989600868729,6,2016-06-05,"2016-June"
"394",230,106.48,13.04,0.996048337060324,6,2016-06-06,"2016-June"
"395",146,117,55.48,0.996107073251918,6,2016-06-07,"2016-June"
"396",200,113.7,58.5,0.996165809443513,6,2016-06-08,"2016-June"
"397",223,105.57,50.22,0.996224545635107,6,2016-06-09,"2016-June"
"369",196,114.66,30.61,0.996283281826702,6,2016-06-10,"2016-June"
"370",101,109.29,19.8,0.996342018018297,6,2016-06-11,"2016-June"
"371",224,118.24,58.04,0.996400754209891,6,2016-06-12,"2016-June"
"372",130,104.3,23.85,0.996459490401486,6,2016-06-13,"2016-June"
"373",229,110.48,62.45,0.99651822659308,6,2016-06-14,"2016-June"
"374",284,117.39,52.82,0.996576962784675,6,2016-06-15,"2016-June"
"375",149,107.56,40.27,0.996635698976269,6,2016-06-16,"2016-June"
"376",321,105.85,55.45,0.996694435167864,6,2016-06-17,"2016-June"
"377",131,109.01,33.59,0.996753171359458,6,2016-06-18,"2016-June"
"378",122,111.41,26.23,0.996811907551053,6,2016-06-19,"2016-June"
"380",205,103.68,40.49,0.996870643742647,6,2016-06-20,"2016-June"
"381",133,95.87,24.81,0.996929379934242,6,2016-06-21,"2016-June"
"382",116,99.33,18.97,0.996988116125837,6,2016-06-22,"2016-June"
"383",131,86.41,45.04,0.997046852317431,6,2016-06-23,"2016-June"
"384",273,94.89,19.41,0.997105588509026,6,2016-06-24,"2016-June"
"385",79,125,34.18,0.99716432470062,6,2016-06-25,"2016-June"
"386",226,107.58,26.55,0.997223060892215,6,2016-06-26,"2016-June"
"387",184,111.49,45.65,0.997281797083809,6,2016-06-27,"2016-June"
"388",133,108.45,28.57,0.997340533275404,6,2016-06-28,"2016-June"
"389",93,113.1,27.96,0.997399269466998,6,2016-06-29,"2016-June"
"391",183,104.83,42.62,0.997458005658593,6,2016-06-30,"2016-June"
"337",173,107.52,46.82,0.997516741850187,7,2016-07-01,"2016-July"
"348",134,114.69,38.06,0.997575478041782,7,2016-07-02,"2016-July"
"359",118,117.49,27.12,0.997634214233377,7,2016-07-03,"2016-July"
"362",148,118.6,28.38,0.997692950424971,7,2016-07-04,"2016-July"
"363",109,116.99,15.6,0.997751686616566,7,2016-07-05,"2016-July"
"364",183,112.37,47.54,0.99781042280816,7,2016-07-06,"2016-July"
"365",170,111.99,50.59,0.997869158999755,7,2016-07-07,"2016-July"
"366",145,132.99,35.17,0.997927895191349,7,2016-07-08,"2016-July"
"367",141,120.86,30.5,0.997986631382944,7,2016-07-09,"2016-July"
"338",106,120,16.04,0.998045367574538,7,2016-07-10,"2016-July"
"339",173,119.9,36.42,0.998104103766133,7,2016-07-11,"2016-July"
"340",127,117.6,28.35,0.998162839957727,7,2016-07-12,"2016-July"
"341",118,125.83,22.88,0.998221576149322,7,2016-07-13,"2016-July"
"342",160,121.76,44.38,0.998280312340917,7,2016-07-14,"2016-July"
"343",141,135.77,34.04,0.998339048532511,7,2016-07-15,"2016-July"
"344",176,136.92,38.07,0.998397784724106,7,2016-07-16,"2016-July"
"345",126,142.88,30.16,0.9984565209157,7,2016-07-17,"2016-July"
"346",184,132.84,29.89,0.998515257107295,7,2016-07-18,"2016-July"
"347",106,132.14,25.47,0.998573993298889,7,2016-07-19,"2016-July"
"349",150,111.16,38.67,0.998632729490484,7,2016-07-20,"2016-July"
"350",216,119.65,28.7,0.998691465682078,7,2016-07-21,"2016-July"
"351",127,121.91,33.07,0.998750201873673,7,2016-07-22,"2016-July"
"352",197,138.12,29.44,0.998808938065267,7,2016-07-23,"2016-July"
"353",130,130.23,29.23,0.998867674256862,7,2016-07-24,"2016-July"
"354",173,132.61,33.53,0.998926410448457,7,2016-07-25,"2016-July"
"355",115,134.25,26.09,0.998985146640051,7,2016-07-26,"2016-July"
"356",143,125.16,41.96,0.999043882831646,7,2016-07-27,"2016-July"
"357",153,121.15,35.95,0.99910261902324,7,2016-07-28,"2016-July"
"358",107,149.32,18.69,0.999161355214835,7,2016-07-29,"2016-July"
"360",209,133.62,22.97,0.999220091406429,7,2016-07-30,"2016-July"
"361",114,143.58,27.19,0.999278827598024,7,2016-07-31,"2016-July"
"215",214,142.34,32.71,0.999337563789618,8,2016-08-01,"2016-August"
"226",137,146.14,31.39,0.999396299981213,8,2016-08-02,"2016-August"
"237",144,134.27,28.47,0.999455036172808,8,2016-08-03,"2016-August"
"240",175,133.63,40.57,0.999513772364402,8,2016-08-04,"2016-August"
"241",157,143.24,42.68,0.999572508555997,8,2016-08-05,"2016-August"
"242",158,152.28,36.71,0.999631244747591,8,2016-08-06,"2016-August"
"243",137,157.65,32.12,0.999689980939186,8,2016-08-07,"2016-August"
"244",210,150.62,32.38,0.99974871713078,8,2016-08-08,"2016-August"
"245",122,140.73,29.51,0.999807453322375,8,2016-08-09,"2016-August"
"216",139,145.79,45.32,0.999866189513969,8,2016-08-10,"2016-August"
"217",192,129.71,49.48,0.999924925705564,8,2016-08-11,"2016-August"
"218",172,147.54,30.81,0.999983661897158,8,2016-08-12,"2016-August"
"219",213,158.73,46.48,1.00004239808875,8,2016-08-13,"2016-August"
"220",138,159.62,31.16,1.00010113428035,8,2016-08-14,"2016-August"
"221",177,157.56,36.72,1.00015987047194,8,2016-08-15,"2016-August"
"222",159,162.09,33.96,1.00021860666354,8,2016-08-16,"2016-August"
"223",146,152.88,37.67,1.00027734285513,8,2016-08-17,"2016-August"
"224",232,132.36,38.36,1.00033607904673,8,2016-08-18,"2016-August"
"225",165,149.24,44.24,1.00039481523832,8,2016-08-19,"2016-August"
"227",198,149.03,30.81,1.00045355142991,8,2016-08-20,"2016-August"
"228",154,138.29,27.27,1.00051228762151,8,2016-08-21,"2016-August"
"229",187,154.84,36.36,1.0005710238131,8,2016-08-22,"2016-August"
"230",116,144.82,33.62,1.0006297600047,8,2016-08-23,"2016-August"
"231",150,140.75,38,1.00068849619629,8,2016-08-24,"2016-August"
"232",169,116.44,39.64,1.00074723238789,8,2016-08-25,"2016-August"
"233",170,142.92,37.06,1.00080596857948,8,2016-08-26,"2016-August"
"234",141,135.63,41.13,1.00086470477108,8,2016-08-27,"2016-August"
"235",167,134.91,30.54,1.00092344096267,8,2016-08-28,"2016-August"
"236",164,123.68,32.32,1.00098217715427,8,2016-08-29,"2016-August"
"238",132,128.58,34.09,1.00104091334586,8,2016-08-30,"2016-August"
"239",128,117.74,26.56,1.00109964953745,8,2016-08-31,"2016-August"
"521",193,111.97,41.45,1.00115838572905,9,2016-09-01,"2016-September"
"532",174,129.11,38.51,1.00121712192064,9,2016-09-02,"2016-September"
"543",178,111.03,38.76,1.00127585811224,9,2016-09-03,"2016-September"
"545",132,123.64,39.39,1.00133459430383,9,2016-09-04,"2016-September"
"546",185,117.85,28.11,1.00139333049543,9,2016-09-05,"2016-September"
"547",99,125.69,23.23,1.00145206668702,9,2016-09-06,"2016-September"
"548",133,112.59,56.39,1.00151080287862,9,2016-09-07,"2016-September"
"549",212,108.44,54.25,1.00156953907021,9,2016-09-08,"2016-September"
"550",221,121.11,56.56,1.00162827526181,9,2016-09-09,"2016-September"
"522",115,121.86,23.48,1.0016870114534,9,2016-09-10,"2016-September"
"523",172,121.37,29.07,1.00174574764499,9,2016-09-11,"2016-September"
"524",173,116.31,28.9,1.00180448383659,9,2016-09-12,"2016-September"
"525",166,117.59,10.84,1.00186322002818,9,2016-09-13,"2016-September"
"526",128,113.23,28.91,1.00192195621978,9,2016-09-14,"2016-September"
"527",313,115.97,44.41,1.00198069241137,9,2016-09-15,"2016-September"
"528",217,117.25,45.62,1.00203942860297,9,2016-09-16,"2016-September"
"529",121,119.23,25.62,1.00209816479456,9,2016-09-17,"2016-September"
"530",174,111.17,25.29,1.00215690098616,9,2016-09-18,"2016-September"
"531",230,114.66,37.39,1.00221563717775,9,2016-09-19,"2016-September"
"533",209,112.04,42.58,1.00227437336935,9,2016-09-20,"2016-September"
"534",208,96.68,24.52,1.00233310956094,9,2016-09-21,"2016-September"
"535",194,117.66,40.21,1.00239184575253,9,2016-09-22,"2016-September"
"536",140,121.76,28.57,1.00245058194413,9,2016-09-23,"2016-September"
"537",122,132.72,50.82,1.00250931813572,9,2016-09-24,"2016-September"
"538",155,114.96,21.29,1.00256805432732,9,2016-09-25,"2016-September"
"539",304,101.95,45.07,1.00262679051891,9,2016-09-26,"2016-September"
"540",122,119.78,23.77,1.00268552671051,9,2016-09-27,"2016-September"
"541",136,108.07,26.47,1.0027442629021,9,2016-09-28,"2016-September"
"542",182,102.42,42.86,1.0028029990937,9,2016-09-29,"2016-September"
"544",286,113.85,52.45,1.00286173528529,9,2016-09-30,"2016-September"
"490",184,102.57,65.76,1.00292047147689,10,2016-10-01,"2016-October"
"501",150,103.51,27.33,1.00297920766848,10,2016-10-02,"2016-October"
"512",199,106.33,34.17,1.00303794386007,10,2016-10-03,"2016-October"
"515",156,106.02,37.82,1.00309668005167,10,2016-10-04,"2016-October"
"516",189,106.5,43.39,1.00315541624326,10,2016-10-05,"2016-October"
"517",289,84.31,39.79,1.00321415243486,10,2016-10-06,"2016-October"
"518",186,115.38,38.17,1.00327288862645,10,2016-10-07,"2016-October"
"519",129,97.92,47.29,1.00333162481805,10,2016-10-08,"2016-October"
"520",214,83.51,34.58,1.00339036100964,10,2016-10-09,"2016-October"
"491",213,105.97,31.92,1.00344909720124,10,2016-10-10,"2016-October"
"492",182,99.52,28.57,1.00350783339283,10,2016-10-11,"2016-October"
"493",256,89.88,42.19,1.00356656958443,10,2016-10-12,"2016-October"
"494",344,100.7,58.14,1.00362530577602,10,2016-10-13,"2016-October"
"495",195,103.04,25.13,1.00368404196761,10,2016-10-14,"2016-October"
"496",130,112.59,56.92,1.00374277815921,10,2016-10-15,"2016-October"
"497",281,91.93,47.69,1.0038015143508,10,2016-10-16,"2016-October"
"498",209,98.15,48.8,1.0038602505424,10,2016-10-17,"2016-October"
"499",136,86.32,30.15,1.00391898673399,10,2016-10-18,"2016-October"
"500",125,93.31,30.4,1.00397772292559,10,2016-10-19,"2016-October"
"502",247,82.07,38.46,1.00403645911718,10,2016-10-20,"2016-October"
"503",247,100.55,57.89,1.00409519530878,10,2016-10-21,"2016-October"
"504",175,98.44,58.29,1.00415393150037,10,2016-10-22,"2016-October"
"505",192,89.44,13.02,1.00421266769197,10,2016-10-23,"2016-October"
"506",136,84.84,26.47,1.00427140388356,10,2016-10-24,"2016-October"
"507",155,91.74,18.06,1.00433014007515,10,2016-10-25,"2016-October"
"508",156,88.65,32.05,1.00438887626675,10,2016-10-26,"2016-October"
"509",194,81.06,51.03,1.00444761245834,10,2016-10-27,"2016-October"
"510",334,93.66,54.79,1.00450634864994,10,2016-10-28,"2016-October"
"511",239,88.73,33.89,1.00456508484153,10,2016-10-29,"2016-October"
"513",214,88.14,39.25,1.00462382103313,10,2016-10-30,"2016-October"
"514",147,84.62,20.41,1.00468255722472,10,2016-10-31,"2016-October"
"460",212,90.81,60.85,1.00474129341632,11,2016-11-01,"2016-November"
"471",143,82.88,20.28,1.00480002960791,11,2016-11-02,"2016-November"
"482",229,77.84,60.26,1.00485876579951,11,2016-11-03,"2016-November"
"484",237,87.01,54.43,1.0049175019911,11,2016-11-04,"2016-November"
"485",214,82.24,51.4,1.00497623818269,11,2016-11-05,"2016-November"
"486",122,112.61,24.59,1.00503497437429,11,2016-11-06,"2016-November"
"487",366,106.91,64.21,1.00509371056588,11,2016-11-07,"2016-November"
"488",87,85.44,14.94,1.00515244675748,11,2016-11-08,"2016-November"
"489",76,85.68,17.11,1.00521118294907,11,2016-11-09,"2016-November"
"461",147,85.71,30.61,1.00526991914067,11,2016-11-10,"2016-November"
"462",209,82.05,31.58,1.00532865533226,11,2016-11-11,"2016-November"
"463",146,72.04,35.62,1.00538739152386,11,2016-11-12,"2016-November"
"464",126,75.88,21.43,1.00544612771545,11,2016-11-13,"2016-November"
"465",142,73.19,17.61,1.00550486390705,11,2016-11-14,"2016-November"
"466",95,64.78,14.74,1.00556360009864,11,2016-11-15,"2016-November"
"467",131,75.77,27.48,1.00562233629024,11,2016-11-16,"2016-November"
"468",160,71.19,36.88,1.00568107248183,11,2016-11-17,"2016-November"
"469",207,76.2,35.27,1.00573980867342,11,2016-11-18,"2016-November"
"470",140,75.34,27.14,1.00579854486502,11,2016-11-19,"2016-November"
"472",93,76.54,37.63,1.00585728105661,11,2016-11-20,"2016-November"
"473",183,74.49,18.58,1.00591601724821,11,2016-11-21,"2016-November"
"474",77,74.52,27.27,1.0059747534398,11,2016-11-22,"2016-November"
"475",106,70.05,21.7,1.0060334896314,11,2016-11-23,"2016-November"
"476",120,68.39,32.5,1.00609222582299,11,2016-11-24,"2016-November"
"477",191,78.01,34.55,1.00615096201459,11,2016-11-25,"2016-November"
"478",120,66.67,30,1.00620969820618,11,2016-11-26,"2016-November"
"479",81,75.52,40.74,1.00626843439778,11,2016-11-27,"2016-November"
"480",118,67.19,27.12,1.00632717058937,11,2016-11-28,"2016-November"
"481",109,70.7,33.94,1.00638590678096,11,2016-11-29,"2016-November"
"483",67,72.56,28.36,1.00644464297256,11,2016-11-30,"2016-November"
"246",174,74.63,56.32,1.00650337916415,12,2016-12-01,"2016-December"
"257",199,76.37,40.2,1.00656211535575,12,2016-12-02,"2016-December"
"268",189,82.81,37.04,1.00662085154734,12,2016-12-03,"2016-December"
"271",87,83.5,35.63,1.00667958773894,12,2016-12-04,"2016-December"
"272",142,77.46,21.83,1.00673832393053,12,2016-12-05,"2016-December"
"273",95,75.62,42.11,1.00679706012213,12,2016-12-06,"2016-December"
"274",119,82.78,39.5,1.00685579631372,12,2016-12-07,"2016-December"
"275",240,82.84,35.83,1.00691453250532,12,2016-12-08,"2016-December"
"276",116,73.94,40.52,1.00697326869691,12,2016-12-09,"2016-December"
"247",99,78.9,28.28,1.0070320048885,12,2016-12-10,"2016-December"
"248",39,73.32,20.51,1.0070907410801,12,2016-12-11,"2016-December"
"249",78,66.32,29.49,1.00714947727169,12,2016-12-12,"2016-December"
"250",77,65.01,15.58,1.00720821346329,12,2016-12-13,"2016-December"
"251",77,59.92,14.29,1.00726694965488,12,2016-12-14,"2016-December"
"252",94,65.17,46.81,1.00732568584648,12,2016-12-15,"2016-December"
"253",142,72.63,42.96,1.00738442203807,12,2016-12-16,"2016-December"
"254",111,70.24,26.13,1.00744315822967,12,2016-12-17,"2016-December"
"255",63,80.71,17.46,1.00750189442126,12,2016-12-18,"2016-December"
"256",99,73.69,27.27,1.00756063061286,12,2016-12-19,"2016-December"
"258",78,72.94,32.05,1.00761936680445,12,2016-12-20,"2016-December"
"259",89,78.81,29.21,1.00767810299604,12,2016-12-21,"2016-December"
"260",125,76.4,44.8,1.00773683918764,12,2016-12-22,"2016-December"
"261",127,82.18,38.58,1.00779557537923,12,2016-12-23,"2016-December"
"262",124,86.17,30.65,1.00785431157083,12,2016-12-24,"2016-December"
"263",72,91.94,25,1.00791304776242,12,2016-12-25,"2016-December"
"264",164,92.6,56.71,1.00797178395402,12,2016-12-26,"2016-December"
"265",215,80.73,28.37,1.00803052014561,12,2016-12-27,"2016-December"
"266",149,105.25,42.95,1.00808925633721,12,2016-12-28,"2016-December"
"267",163,101.37,41.72,1.0081479925288,12,2016-12-29,"2016-December"
"269",238,157.35,37.39,1.0082067287204,12,2016-12-30,"2016-December"
"270",76,151.65,35.53,1.00826546491199,12,2016-12-31,"2016-December"
"640",128,82.67,38.28,1.00832420110358,1,2017-01-01,"2017-January"
"651",179,86.49,34.08,1.00838293729518,1,2017-01-02,"2017-January"
"662",124,85.21,34.68,1.00844167348677,1,2017-01-03,"2017-January"
"665",96,71.35,33.33,1.00850040967837,1,2017-01-04,"2017-January"
"666",98,75.24,38.78,1.00855914586996,1,2017-01-05,"2017-January"
"667",112,79.03,34.82,1.00861788206156,1,2017-01-06,"2017-January"
"668",83,77.71,19.28,1.00867661825315,1,2017-01-07,"2017-January"
"669",110,70.68,45.45,1.00873535444475,1,2017-01-08,"2017-January"
"670",77,65.26,19.48,1.00879409063634,1,2017-01-09,"2017-January"
"641",99,64.27,15.15,1.00885282682794,1,2017-01-10,"2017-January"
"642",61,68.76,24.59,1.00891156301953,1,2017-01-11,"2017-January"
"643",138,68.54,34.06,1.00897029921112,1,2017-01-12,"2017-January"
"644",92,81.77,35.87,1.00902903540272,1,2017-01-13,"2017-January"
"645",244,77.97,59.43,1.00908777159431,1,2017-01-14,"2017-January"
"646",67,76.77,28.36,1.00914650778591,1,2017-01-15,"2017-January"
"647",193,65.7,20.21,1.0092052439775,1,2017-01-16,"2017-January"
"648",69,62,14.49,1.0092639801691,1,2017-01-17,"2017-January"
"649",219,73.52,38.81,1.00932271636069,1,2017-01-18,"2017-January"
"650",123,72.29,28.46,1.00938145255229,1,2017-01-19,"2017-January"
"652",84,83.72,36.9,1.00944018874388,1,2017-01-20,"2017-January"
"653",115,75.03,32.17,1.00949892493548,1,2017-01-21,"2017-January"
"654",89,75.63,22.47,1.00955766112707,1,2017-01-22,"2017-January"
"655",172,76.99,60.47,1.00961639731866,1,2017-01-23,"2017-January"
"656",87,70.61,24.14,1.00967513351026,1,2017-01-24,"2017-January"
"657",191,74.8,51.83,1.00973386970185,1,2017-01-25,"2017-January"
"658",114,63.41,28.07,1.00979260589345,1,2017-01-26,"2017-January"
"659",150,67.83,22,1.00985134208504,1,2017-01-27,"2017-January"
"660",111,71.28,31.53,1.00991007827664,1,2017-01-28,"2017-January"
"661",71,69.23,21.13,1.00996881446823,1,2017-01-29,"2017-January"
"663",111,68.52,23.42,1.01002755065983,1,2017-01-30,"2017-January"
"664",74,68.4,14.86,1.01008628685142,1,2017-01-31,"2017-January"
"612",153,63.81,62.75,1.01014502304302,2,2017-02-01,"2017-February"
"623",133,73.33,31.58,1.01020375923461,2,2017-02-02,"2017-February"
"633",122,80.6,30.33,1.0102624954262,2,2017-02-03,"2017-February"
"634",154,69.14,22.73,1.0103212316178,2,2017-02-04,"2017-February"
"635",91,75.68,20.88,1.01037996780939,2,2017-02-05,"2017-February"
"636",108,75.34,23.15,1.01043870400099,2,2017-02-06,"2017-February"
"637",78,71.29,23.08,1.01049744019258,2,2017-02-07,"2017-February"
"638",73,64.27,12.33,1.01055617638418,2,2017-02-08,"2017-February"
"639",146,75.73,31.51,1.01061491257577,2,2017-02-09,"2017-February"
"613",187,78.23,43.32,1.01067364876737,2,2017-02-10,"2017-February"
"614",129,76.85,31.78,1.01073238495896,2,2017-02-11,"2017-February"
"615",201,82.69,48.76,1.01079112115056,2,2017-02-12,"2017-February"
"616",193,80.55,23.83,1.01084985734215,2,2017-02-13,"2017-February"
"617",151,83.1,34.44,1.01090859353374,2,2017-02-14,"2017-February"
"618",148,80.54,17.57,1.01096732972534,2,2017-02-15,"2017-February"
"619",129,77.85,37.21,1.01102606591693,2,2017-02-16,"2017-February"
"620",210,77.45,39.52,1.01108480210853,2,2017-02-17,"2017-February"
"621",128,72.56,29.69,1.01114353830012,2,2017-02-18,"2017-February"
"622",135,78.19,25.19,1.01120227449172,2,2017-02-19,"2017-February"
"624",174,77.4,35.63,1.01126101068331,2,2017-02-20,"2017-February"
"625",106,68.18,21.7,1.01131974687491,2,2017-02-21,"2017-February"
"626",170,68.78,20.59,1.0113784830665,2,2017-02-22,"2017-February"
"627",170,76.02,41.18,1.0114372192581,2,2017-02-23,"2017-February"
"628",152,84.32,35.53,1.01149595544969,2,2017-02-24,"2017-February"
"629",316,80.93,40.19,1.01155469164128,2,2017-02-25,"2017-February"
"630",185,83.67,25.41,1.01161342783288,2,2017-02-26,"2017-February"
"631",133,85.35,23.31,1.01167216402447,2,2017-02-27,"2017-February"
"632",102,65.78,35.29,1.01173090021607,2,2017-02-28,"2017-February"
"732",144,70.13,27.78,1.01178963640766,3,2017-03-01,"2017-March"
"743",335,75.93,46.57,1.01184837259926,3,2017-03-02,"2017-March"
"754",136,90.37,29.41,1.01190710879085,3,2017-03-03,"2017-March"
"757",86,90.7,32.56,1.01196584498245,3,2017-03-04,"2017-March"
"758",184,71.4,29.89,1.01202458117404,3,2017-03-05,"2017-March"
"759",157,78.13,20.38,1.01208331736564,3,2017-03-06,"2017-March"
"760",128,78.99,24.22,1.01214205355723,3,2017-03-07,"2017-March"
"761",96,79.98,27.08,1.01220078974882,3,2017-03-08,"2017-March"
"762",210,73.09,46.67,1.01225952594042,3,2017-03-09,"2017-March"
"733",175,88.7,25.14,1.01231826213201,3,2017-03-10,"2017-March"
"734",172,79.71,40.12,1.01237699832361,3,2017-03-11,"2017-March"
"735",115,74.47,30.43,1.0124357345152,3,2017-03-12,"2017-March"
"736",214,85.95,38.32,1.0124944707068,3,2017-03-13,"2017-March"
"737",176,75.61,38.07,1.01255320689839,3,2017-03-14,"2017-March"
"738",221,80.94,50.68,1.01261194308999,3,2017-03-15,"2017-March"
"739",178,80.54,32.58,1.01267067928158,3,2017-03-16,"2017-March"
"740",146,94.73,34.25,1.01272941547318,3,2017-03-17,"2017-March"
"741",121,89.2,26.45,1.01278815166477,3,2017-03-18,"2017-March"
"742",142,78.18,16.2,1.01284688785636,3,2017-03-19,"2017-March"
"744",167,85.46,19.16,1.01290562404796,3,2017-03-20,"2017-March"
"745",154,81.75,53.25,1.01296436023955,3,2017-03-21,"2017-March"
"746",90,90.62,31.11,1.01302309643115,3,2017-03-22,"2017-March"
"747",146,89.6,38.36,1.01308183262274,3,2017-03-23,"2017-March"
"748",192,86.67,31.77,1.01314056881434,3,2017-03-24,"2017-March"
"749",142,84.34,35.21,1.01319930500593,3,2017-03-25,"2017-March"
"750",126,85.65,26.19,1.01325804119753,3,2017-03-26,"2017-March"
"751",183,82.12,37.7,1.01331677738912,3,2017-03-27,"2017-March"
"752",88,78.85,23.86,1.01337551358072,3,2017-03-28,"2017-March"
"753",154,78.19,15.58,1.01343424977231,3,2017-03-29,"2017-March"
"755",179,84.46,30.73,1.0134929859639,3,2017-03-30,"2017-March"
"756",213,96.23,38.97,1.0135517221555,3,2017-03-31,"2017-March"
"551",132,107.28,34.85,1.01361045834709,4,2017-04-01,"2017-April"
"562",96,104.9,21.88,1.01366919453869,4,2017-04-02,"2017-April"
"573",231,98.07,39.39,1.01372793073028,4,2017-04-03,"2017-April"
"575",125,109.09,51.2,1.01378666692188,4,2017-04-04,"2017-April"
"576",252,89.36,36.9,1.01384540311347,4,2017-04-05,"2017-April"
"577",229,111.02,59.39,1.01390413930507,4,2017-04-06,"2017-April"
"578",128,126.29,36.72,1.01396287549666,4,2017-04-07,"2017-April"
"579",200,111.44,44.5,1.01402161168826,4,2017-04-08,"2017-April"
"580",273,108.22,49.08,1.01408034787985,4,2017-04-09,"2017-April"
"552",180,115.38,35,1.01413908407144,4,2017-04-10,"2017-April"
"553",137,117.79,25.55,1.01419782026304,4,2017-04-11,"2017-April"
"554",133,123.07,35.34,1.01425655645463,4,2017-04-12,"2017-April"
"555",242,127.89,47.11,1.01431529264623,4,2017-04-13,"2017-April"
"556",225,119.79,46.22,1.01437402883782,4,2017-04-14,"2017-April"
"557",229,116.5,56.33,1.01443276502942,4,2017-04-15,"2017-April"
"558",167,112.02,49.1,1.01449150122101,4,2017-04-16,"2017-April"
"559",174,113.95,32.76,1.01455023741261,4,2017-04-17,"2017-April"
"560",136,102.67,34.56,1.0146089736042,4,2017-04-18,"2017-April"
"561",148,114.09,22.97,1.0146677097958,4,2017-04-19,"2017-April"
"563",158,102.92,37.34,1.01472644598739,4,2017-04-20,"2017-April"
"564",223,112.69,55.61,1.01478518217898,4,2017-04-21,"2017-April"
"565",223,104.2,52.91,1.01484391837058,4,2017-04-22,"2017-April"
"566",169,97.15,35.5,1.01490265456217,4,2017-04-23,"2017-April"
"567",129,114.85,25.58,1.01496139075377,4,2017-04-24,"2017-April"
"568",111,110.28,31.53,1.01502012694536,4,2017-04-25,"2017-April"
"569",269,115.81,72.12,1.01507886313696,4,2017-04-26,"2017-April"
"570",197,113.02,46.19,1.01513759932855,4,2017-04-27,"2017-April"
"571",261,123.81,38.31,1.01519633552015,4,2017-04-28,"2017-April"
"572",330,110.68,48.79,1.01525507171174,4,2017-04-29,"2017-April"
"574",154,106.54,35.71,1.01531380790334,4,2017-04-30,"2017-April"
"763",205,120.51,42.93,1.01537254409493,5,2017-05-01,"2017-May"
"774",174,109.11,24.14,1.01543128028652,5,2017-05-02,"2017-May"
"785",213,111.96,56.81,1.01549001647812,5,2017-05-03,"2017-May"
"788",262,110.7,58.78,1.01554875266971,5,2017-05-04,"2017-May"
"789",260,117.84,48.08,1.01560748886131,5,2017-05-05,"2017-May"
"790",221,113.41,51.58,1.0156662250529,5,2017-05-06,"2017-May"
"791",136,110.25,35.29,1.0157249612445,5,2017-05-07,"2017-May"
"792",221,108.67,38.01,1.01578369743609,5,2017-05-08,"2017-May"
"793",220,106.98,35,1.01584243362769,5,2017-05-09,"2017-May"
"764",158,124.52,46.2,1.01590116981928,5,2017-05-10,"2017-May"
"765",204,126.1,37.75,1.01595990601088,5,2017-05-11,"2017-May"
"766",151,135.98,36.42,1.01601864220247,5,2017-05-12,"2017-May"
"767",183,118.75,42.08,1.01607737839406,5,2017-05-13,"2017-May"
"768",165,112.09,21.21,1.01613611458566,5,2017-05-14,"2017-May"
"769",320,132.64,61.88,1.01619485077725,5,2017-05-15,"2017-May"
"770",138,112.48,33.33,1.01625358696885,5,2017-05-16,"2017-May"
"771",157,119.92,29.3,1.01631232316044,5,2017-05-17,"2017-May"
"772",180,129.48,34.44,1.01637105935204,5,2017-05-18,"2017-May"
"773",316,138.73,71.2,1.01642979554363,5,2017-05-19,"2017-May"
"775",246,127.67,54.07,1.01648853173523,5,2017-05-20,"2017-May"
"776",156,126.57,33.97,1.01654726792682,5,2017-05-21,"2017-May"
"777",199,129,36.18,1.01660600411842,5,2017-05-22,"2017-May"
"778",160,111.24,27.5,1.01666474031001,5,2017-05-23,"2017-May"
"779",266,113.03,41.35,1.0167234765016,5,2017-05-24,"2017-May"
"780",307,107.96,38.11,1.0167822126932,5,2017-05-25,"2017-May"
"781",181,132.67,45.3,1.01684094888479,5,2017-05-26,"2017-May"
"782",133,128.05,44.36,1.01689968507639,5,2017-05-27,"2017-May"
"783",227,113.46,39.65,1.01695842126798,5,2017-05-28,"2017-May"
"784",145,113.69,20.69,1.01701715745958,5,2017-05-29,"2017-May"
"786",238,120.53,62.18,1.01707589365117,5,2017-05-30,"2017-May"
"787",171,110.34,45.03,1.01713462984277,5,2017-05-31,"2017-May"
"702",228,120.79,44.3,1.01719336603436,6,2017-06-01,"2017-June"
"713",254,128.4,46.06,1.01725210222596,6,2017-06-02,"2017-June"
"724",223,114.6,45.74,1.01731083841755,6,2017-06-03,"2017-June"
"726",146,120.66,34.25,1.01736957460914,6,2017-06-04,"2017-June"
"727",174,130.76,33.91,1.01742831080074,6,2017-06-05,"2017-June"
"728",138,126.03,32.61,1.01748704699233,6,2017-06-06,"2017-June"
"729",148,125.87,42.57,1.01754578318393,6,2017-06-07,"2017-June"
"730",337,137.44,64.39,1.01760451937552,6,2017-06-08,"2017-June"
"731",223,128.32,43.5,1.01766325556712,6,2017-06-09,"2017-June"
"703",138,137.48,30.43,1.01772199175871,6,2017-06-10,"2017-June"
"704",216,117.97,39.35,1.01778072795031,6,2017-06-11,"2017-June"
"705",180,123.23,40.56,1.0178394641419,6,2017-06-12,"2017-June"
"706",120,119.67,30,1.0178982003335,6,2017-06-13,"2017-June"
"707",159,118.24,41.51,1.01795693652509,6,2017-06-14,"2017-June"
"708",197,127.99,39.09,1.01801567271668,6,2017-06-15,"2017-June"
"709",184,121.19,49.46,1.01807440890828,6,2017-06-16,"2017-June"
"710",239,128.38,54.81,1.01813314509987,6,2017-06-17,"2017-June"
"711",150,120.52,40,1.01819188129147,6,2017-06-18,"2017-June"
"712",186,132.54,40.32,1.01825061748306,6,2017-06-19,"2017-June"
"714",168,134.55,37.5,1.01830935367466,6,2017-06-20,"2017-June"
"715",162,132.4,50,1.01836808986625,6,2017-06-21,"2017-June"
"716",166,123.21,34.94,1.01842682605785,6,2017-06-22,"2017-June"
"717",196,123.4,47.45,1.01848556224944,6,2017-06-23,"2017-June"
"718",167,129.2,44.91,1.01854429844104,6,2017-06-24,"2017-June"
"719",181,121.18,27.62,1.01860303463263,6,2017-06-25,"2017-June"
"720",187,125.18,45.99,1.01866177082422,6,2017-06-26,"2017-June"
"721",202,119.91,45.54,1.01872050701582,6,2017-06-27,"2017-June"
"722",224,113.97,48.66,1.01877924320741,6,2017-06-28,"2017-June"
"723",161,133.71,42.86,1.01883797939901,6,2017-06-29,"2017-June"
"725",193,132.19,39.38,1.0188967155906,6,2017-06-30,"2017-June"
"671",184,130.27,38.04,1.0189554517822,7,2017-07-01,"2017-July"
"682",146,136.64,36.99,1.01901418797379,7,2017-07-02,"2017-July"
"693",174,140.52,36.78,1.01907292416539,7,2017-07-03,"2017-July"
"696",196,119.05,26.02,1.01913166035698,7,2017-07-04,"2017-July"
"697",138,129.08,49.28,1.01919039654858,7,2017-07-05,"2017-July"
"698",199,126.29,31.66,1.01924913274017,7,2017-07-06,"2017-July"
"699",185,131.53,44.86,1.01930786893176,7,2017-07-07,"2017-July"
"700",141,139.74,32.62,1.01936660512336,7,2017-07-08,"2017-July"
"701",211,133.31,38.39,1.01942534131495,7,2017-07-09,"2017-July"
"672",186,142.33,36.02,1.01948407750655,7,2017-07-10,"2017-July"
"673",181,141.94,38.12,1.01954281369814,7,2017-07-11,"2017-July"
"674",182,130.72,37.91,1.01960154988974,7,2017-07-12,"2017-July"
"675",202,131.01,27.23,1.01966028608133,7,2017-07-13,"2017-July"
"676",127,163.03,36.22,1.01971902227293,7,2017-07-14,"2017-July"
"677",265,139.8,38.87,1.01977775846452,7,2017-07-15,"2017-July"
"678",153,138.87,32.68,1.01983649465612,7,2017-07-16,"2017-July"
"679",194,152.08,41.24,1.01989523084771,7,2017-07-17,"2017-July"
"680",150,133.33,33.33,1.0199539670393,7,2017-07-18,"2017-July"
"681",97,149.71,24.74,1.0200127032309,7,2017-07-19,"2017-July"
"683",132,154.12,33.33,1.02007143942249,7,2017-07-20,"2017-July"
"684",139,154.35,31.65,1.02013017561409,7,2017-07-21,"2017-July"
"685",204,148.14,39.22,1.02018891180568,7,2017-07-22,"2017-July"
"686",161,157.77,41.61,1.02024764799728,7,2017-07-23,"2017-July"
"687",212,154.61,33.49,1.02030638418887,7,2017-07-24,"2017-July"
"688",141,149.78,34.75,1.02036512038047,7,2017-07-25,"2017-July"
"689",161,147.19,49.69,1.02042385657206,7,2017-07-26,"2017-July"
"690",157,150.44,36.31,1.02048259276366,7,2017-07-27,"2017-July"
"691",169,151.72,49.7,1.02054132895525,7,2017-07-28,"2017-July"
"692",210,158.67,47.62,1.02060006514684,7,2017-07-29,"2017-July"
"694",134,152,32.84,1.02065880133844,7,2017-07-30,"2017-July"
"695",182,163.42,39.01,1.02071753753003,7,2017-07-31,"2017-July"
"581",178,163.55,43.26,1.02077627372163,8,2017-08-01,"2017-August"
"592",150,163.34,32,1.02083500991322,8,2017-08-02,"2017-August"
"603",176,158.08,39.2,1.02089374610482,8,2017-08-03,"2017-August"
"606",163,170.04,34.97,1.02095248229641,8,2017-08-04,"2017-August"
"607",149,184.12,40.27,1.02101121848801,8,2017-08-05,"2017-August"
"608",148,176.28,38.51,1.0210699546796,8,2017-08-06,"2017-August"
"609",202,175.98,36.14,1.0211286908712,8,2017-08-07,"2017-August"
"610",139,158.67,38.85,1.02118742706279,8,2017-08-08,"2017-August"
"611",144,166.15,34.03,1.02124616325438,8,2017-08-09,"2017-August"
"582",147,162.66,39.46,1.02130489944598,8,2017-08-10,"2017-August"
"583",128,169.55,42.19,1.02136363563757,8,2017-08-11,"2017-August"
"584",186,159.86,34.41,1.02142237182917,8,2017-08-12,"2017-August"
"585",145,169.83,36.55,1.02148110802076,8,2017-08-13,"2017-August"
"586",165,177.16,38.79,1.02153984421236,8,2017-08-14,"2017-August"
"587",160,153.21,38.75,1.02159858040395,8,2017-08-15,"2017-August"
"588",191,161.13,47.64,1.02165731659555,8,2017-08-16,"2017-August"
"589",197,178.18,45.18,1.02171605278714,8,2017-08-17,"2017-August"
"590",181,170.44,44.75,1.02177478897874,8,2017-08-18,"2017-August"
"591",188,171.27,44.15,1.02183352517033,8,2017-08-19,"2017-August"
"593",159,158.23,28.3,1.02189226136192,8,2017-08-20,"2017-August"
"594",159,170.38,35.85,1.02195099755352,8,2017-08-21,"2017-August"
"595",98,172.02,26.53,1.02200973374511,8,2017-08-22,"2017-August"
"596",126,161.52,30.16,1.02206846993671,8,2017-08-23,"2017-August"
"597",156,161.5,37.18,1.0221272061283,8,2017-08-24,"2017-August"
"598",191,152.12,26.7,1.0221859423199,8,2017-08-25,"2017-August"
"599",166,169.58,41.57,1.02224467851149,8,2017-08-26,"2017-August"
"600",174,153.05,28.16,1.02230341470309,8,2017-08-27,"2017-August"
"601",211,151.28,30.33,1.02236215089468,8,2017-08-28,"2017-August"
"602",125,144.66,35.2,1.02242088708628,8,2017-08-29,"2017-August"
"604",89,150.54,30.34,1.02247962327787,8,2017-08-30,"2017-August"
"605",134,150.62,33.58,1.02253835946946,8,2017-08-31,"2017-August"
